{
	"textures": [
		{
			"image": "floor_and_wall.png",
			"format": "RGBA8888",
			"size": {
				"w": 32,
				"h": 128
			},
			"scale": 1,
			"frames": [
				{
					"filename": "Stone_floor.png",
					"rotated": false,
					"trimmed": false,
					"sourceSize": {
						"w": 32,
						"h": 32
					},
					"spriteSourceSize": {
						"x": 0,
						"y": 0,
						"w": 32,
						"h": 32
					},
					"frame": {
						"x": 0,
						"y": 0,
						"w": 32,
						"h": 32
					}
				},
				{
					"filename": "Stone_floor_clean.png",
					"rotated": false,
					"trimmed": false,
					"sourceSize": {
						"w": 32,
						"h": 32
					},
					"spriteSourceSize": {
						"x": 0,
						"y": 0,
						"w": 32,
						"h": 32
					},
					"frame": {
						"x": 0,
						"y": 32,
						"w": 32,
						"h": 32
					}
				},
				{
					"filename": "Stone_floor_moss.png",
					"rotated": false,
					"trimmed": false,
					"sourceSize": {
						"w": 32,
						"h": 32
					},
					"spriteSourceSize": {
						"x": 0,
						"y": 0,
						"w": 32,
						"h": 32
					},
					"frame": {
						"x": 0,
						"y": 64,
						"w": 32,
						"h": 32
					}
				},
				{
					"filename": "wall.png",
					"rotated": false,
					"trimmed": false,
					"sourceSize": {
						"w": 32,
						"h": 32
					},
					"spriteSourceSize": {
						"x": 0,
						"y": 0,
						"w": 32,
						"h": 32
					},
					"frame": {
						"x": 0,
						"y": 96,
						"w": 32,
						"h": 32
					}
				}
			]
		}
	],
	"meta": {
		"app": "http://free-tex-packer.com",
		"version": "0.6.6"
	}
}